datetime,เกิดเหตุ,temperature_F,humidity_%,pressure_in,รถน้อยกว่า4ล้อทั้งหมด,รถ4ล้อทั้งหมด,รถมากกว่า4ล้อทั้งหมด,day_of_week,is_weekend,is_holiday,is_daytime
1/1/2024,0,81.3125,83.02083333,29.75729167,93,430,93,0,0,1,0
2/1/2024,0,80.91666667,80.91666667,29.83833333,90,426,95,1,0,0,0
3/1/2024,0,83.125,77.29166667,29.7475,90,436,93,2,0,0,0
4/1/2024,0,84.625,78.60416667,29.71604167,92,410,93,3,0,0,0
5/1/2024,1,86.375,76.64583333,29.586875,95,418,94,4,0,0,0
6/1/2024,1,82.6875,87.04166667,29.72125,94,441,94,5,1,0,0
7/1/2024,0,82.79166667,82.08333333,29.70125,84,438,96,6,1,0,0
8/1/2024,0,82.79166667,82.47916667,29.73125,88,429,89,0,0,0,0
9/1/2024,0,83.47916667,76.91666667,29.668125,87,435,94,1,0,0,0
10/1/2024,0,82.29166667,79.8125,29.670625,87,439,92,2,0,0,0
11/1/2024,0,83.08333333,77.10416667,29.71625,95,432,90,3,0,0,0
12/1/2024,0,79.70833333,86.29166667,29.668125,93,428,90,4,0,0,0
13/1/2024,0,80.33333333,81.83333333,29.755,92,439,95,5,1,1,0
14/1/2024,0,79.68085106,80.61702128,29.77297872,89,415,91,6,1,0,0
15/1/2024,0,81.125,80.52083333,29.75541667,94,426,94,0,0,0,0
16/1/2024,1,82.29166667,81.97916667,29.750625,90,424,91,1,0,0,0
17/1/2024,0,82.60416667,76.83333333,29.743125,93,436,94,2,0,0,0
18/1/2024,0,80.79166667,81.79166667,29.75625,94,407,95,3,0,0,0
19/1/2024,0,81.52083333,81.20833333,29.75291667,92,422,95,4,0,0,0
20/1/2024,1,80.77083333,81.125,29.76416667,94,420,92,5,1,0,0
21/1/2024,0,80.35416667,83.4375,29.78625,83,426,89,6,1,0,0
22/1/2024,0,79.0625,88.125,29.79666667,93,434,94,0,0,0,0
23/1/2024,1,79.93617021,85.5106383,29.80765957,91,435,89,1,0,0,0
24/1/2024,0,79.77083333,88.52083333,29.81770833,91,429,92,2,0,0,0
25/1/2024,0,79.57446809,90.29787234,29.8512766,76,431,93,3,0,0,0
26/1/2024,1,80.75,85.4375,29.8675,87,428,93,4,0,0,0
27/1/2024,0,80.08510638,83.65957447,29.85617021,92,414,95,5,1,0,0
28/1/2024,0,80.47916667,81.6875,29.853125,91,423,95,6,1,0,0
29/1/2024,0,81.08333333,79.375,29.84375,91,434,97,0,0,0,0
30/1/2024,0,81.625,77.1875,29.84125,92,424,88,1,0,0,0
31/1/2024,0,80.9375,80.02083333,29.83041667,94,421,91,2,0,0,0
1/2/2024,0,81.60416667,82.66666667,29.751875,91,443,86,3,0,0,0
2/2/2024,0,80.85416667,81.875,29.81020833,93,424,91,4,0,0,0
3/2/2024,0,83.5106383,77.80851064,29.75106383,94,426,91,5,1,0,0
4/2/2024,0,86.20833333,72.20833333,29.678125,94,429,93,6,1,0,0
5/2/2024,0,86.6122449,77.40816327,29.61734694,93,427,89,0,0,0,0
6/2/2024,0,81.54166667,89.08333333,29.74895833,92,431,92,1,0,0,0
7/2/2024,1,83.35416667,77.5625,29.6625,96,431,92,2,0,0,0
8/2/2024,0,82.625,80.95833333,29.71,92,422,94,3,0,0,0
9/2/2024,0,82.04166667,83.75,29.675625,91,432,95,4,0,0,0
10/2/2024,1,83.1875,80.9375,29.691875,87,428,94,5,1,0,0
11/2/2024,0,80.79166667,85.875,29.7225,94,437,90,6,1,0,0
12/2/2024,0,80.64583333,83.9375,29.6625,92,428,92,0,0,0,0
13/2/2024,0,82.02083333,75.08333333,29.82729167,91,434,83,1,0,0,0
14/2/2024,0,82.35416667,80.8125,29.79354167,88,440,90,2,0,0,0
15/2/2024,0,83.20833333,76.85416667,29.80354167,91,423,92,3,0,0,0
16/2/2024,0,82.58333333,76.97916667,29.796875,94,424,89,4,0,0,0
17/2/2024,0,82.16666667,74.77083333,29.77291667,90,422,95,5,1,0,0
18/2/2024,0,81.70833333,78.75,29.77520833,94,413,87,6,1,0,0
19/2/2024,0,83.83333333,77.72916667,29.77270833,92,437,96,0,0,0,0
20/2/2024,0,83.79166667,78.91666667,29.76395833,93,440,88,1,0,0,0
21/2/2024,0,83.16666667,77.5,29.75479167,96,439,90,2,0,0,0
22/2/2024,0,82.33333333,77.375,29.77770833,91,422,93,3,0,0,0
23/2/2024,1,82.5,75.625,29.78645833,90,431,93,4,0,0,0
24/2/2024,0,82.95918367,74.44897959,29.77306122,94,430,93,5,1,1,0
25/2/2024,0,83.5,74.625,29.76104167,94,428,94,6,1,0,0
26/2/2024,0,84.25,73.10416667,29.750625,93,432,94,0,0,1,0
27/2/2024,0,83.52083333,73.72916667,29.74333333,89,426,90,1,0,0,0
28/2/2024,0,84.45833333,71.22916667,29.718125,89,414,95,2,0,0,0
29/2/2024,0,82.66666667,72.95833333,29.739375,93,422,96,3,0,0,0
1/3/2024,1,81.5,82.72916667,29.74958333,93,436,91,4,0,0,0
2/3/2024,0,81.22916667,81.35416667,29.820625,86,417,94,5,1,0,0
3/3/2024,0,83.5,77.22916667,29.74,90,412,92,6,1,0,0
4/3/2024,0,86.79166667,72.66666667,29.690625,94,425,89,0,0,0,0
5/3/2024,0,86.39583333,79.08333333,29.65125,92,431,91,1,0,0,0
6/3/2024,0,83.75,83.4375,29.73979167,90,427,92,2,0,0,0
7/3/2024,0,83.58333333,75,29.6775,90,429,93,3,0,0,0
8/3/2024,1,81.14583333,85.22916667,29.72,96,430,93,4,0,0,0
9/3/2024,0,82.95833333,76.125,29.71125,91,425,91,5,1,0,0
10/3/2024,0,80.6875,89.02083333,29.716875,95,427,93,6,1,0,0
11/3/2024,0,80.6875,85.75,29.70375,88,432,92,0,0,0,0
12/3/2024,0,80.41666667,88.16666667,29.675625,94,415,90,1,0,0,0
13/3/2024,1,83.41666667,72.41666667,29.78958333,91,432,91,2,0,0,0
14/3/2024,1,84.60416667,73.54166667,29.76979167,96,431,95,3,0,0,0
15/3/2024,1,84.375,73.29166667,29.76354167,92,432,94,4,0,0,0
16/3/2024,0,83.625,72.66666667,29.78520833,99,432,90,5,1,0,0
17/3/2024,0,84.45833333,73.60416667,29.77125,92,428,93,6,1,0,0
18/3/2024,0,83.125,73.91666667,29.74333333,93,428,90,0,0,0,0
19/3/2024,0,82.75,73.3125,29.75333333,92,436,94,1,0,0,0
20/3/2024,0,82.85416667,71.91666667,29.78583333,87,422,97,2,0,0,0
21/3/2024,1,83.70833333,71.5,29.75395833,88,411,93,3,0,0,0
22/3/2024,1,82.72916667,75.22916667,29.6875,92,428,97,4,0,0,0
23/3/2024,0,85,74.16666667,29.698125,92,437,91,5,1,0,0
24/3/2024,0,85.25,74.8125,29.739375,91,432,90,6,1,0,0
25/3/2024,0,83.72916667,73.79166667,29.739375,94,430,89,0,0,0,0
26/3/2024,0,82.35416667,79.5625,29.76083333,92,431,97,1,0,0,0
27/3/2024,0,85.08333333,76,29.80208333,93,450,89,2,0,0,0
28/3/2024,0,85.875,76.35416667,29.75104167,90,433,91,3,0,0,0
29/3/2024,0,86.02083333,76.625,29.729375,92,420,93,4,0,0,0
30/3/2024,0,83.66666667,82.85416667,29.78458333,90,432,93,5,1,0,0
31/3/2024,0,83.85416667,81.10416667,29.78125,90,439,92,6,1,0,0
1/4/2024,0,82,80.91489362,29.75382979,88,440,95,0,0,0,0
2/4/2024,0,81.72916667,81.14583333,29.83208333,90,428,97,1,0,0,0
3/4/2024,1,83.54166667,76.60416667,29.733125,94,432,90,2,0,0,0
4/4/2024,0,86.60416667,72.75,29.685625,92,424,89,3,0,0,0
5/4/2024,0,84.10416667,83.1875,29.659375,96,416,89,4,0,0,0
6/4/2024,0,85.89583333,75.9375,29.7175,90,430,90,5,1,1,0
7/4/2024,0,82,79.4893617,29.71595745,94,431,97,6,1,0,0
8/4/2024,0,80.4375,82.35416667,29.733125,90,417,95,0,0,1,0
9/4/2024,0,83.58333333,75.79166667,29.68875,91,434,93,1,0,0,0
10/4/2024,0,81,85.39583333,29.714375,92,429,94,2,0,0,0
11/4/2024,0,79.52083333,91.04166667,29.699375,91,427,88,3,0,0,0
12/4/2024,0,78.72916667,89.8125,29.679375,90,431,93,4,0,1,0
13/4/2024,2,85.83333333,72.25,29.70125,92,421,97,5,1,1,0
14/4/2024,0,85.24489796,74.63265306,29.72326531,96,448,95,6,1,1,0
15/4/2024,0,86.79591837,72.59183673,29.7244898,95,434,90,0,0,1,0
16/4/2024,2,86.3125,72.08333333,29.69875,94,422,92,1,0,1,0
17/4/2024,1,86.02083333,73.64583333,29.688125,92,430,90,2,0,0,0
18/4/2024,0,86.9375,71.95833333,29.664375,85,443,91,3,0,0,0
19/4/2024,0,84.875,78.77083333,29.636875,87,447,92,4,0,0,0
20/4/2024,1,83.79166667,84.64583333,29.638125,85,436,91,5,1,0,0
21/4/2024,0,84.53191489,83.0212766,29.65212766,82,424,87,6,1,0,0
22/4/2024,0,86.5,79.60416667,29.64,90,433,92,0,0,0,0
23/4/2024,0,86.70833333,75.52083333,29.62875,90,420,91,1,0,0,0
24/4/2024,0,86.79166667,73.77083333,29.62625,93,418,90,2,0,0,0
25/4/2024,0,86.1875,78.5,29.628125,83,437,91,3,0,0,0
26/4/2024,0,84.66666667,82.6875,29.6325,88,425,94,4,0,0,0
27/4/2024,0,87.58333333,71.22916667,29.621875,92,423,92,5,1,0,0
28/4/2024,0,83.625,83.1875,29.6575,86,430,92,6,1,0,0
29/4/2024,0,86.41666667,78.27083333,29.665,94,422,95,0,0,0,0
30/4/2024,0,87.125,76.04166667,29.620625,88,428,96,1,0,0,0
1/5/2024,0,80.5625,81.97916667,29.76583333,92,431,93,2,0,1,0
2/5/2024,0,81.1875,80.54166667,29.83145833,91,445,93,3,0,0,0
3/5/2024,0,83.89583333,78.64583333,29.72,87,445,95,4,0,0,0
4/5/2024,0,85.75,69.5,29.66375,92,433,89,5,1,1,0
5/5/2024,0,83.60416667,84.8125,29.644375,91,439,94,6,1,0,0
6/5/2024,0,86.89583333,69.8125,29.726875,86,435,94,0,0,1,0
7/5/2024,0,79.75,83.5625,29.689375,86,428,94,1,0,0,0
8/5/2024,0,81.04166667,82.4375,29.711875,94,422,92,2,0,0,0
9/5/2024,0,83.64583333,76.22916667,29.64125,93,421,92,3,0,0,0
10/5/2024,0,78.5,92.89583333,29.70875,87,422,92,4,0,0,0
11/5/2024,0,79.22916667,88.6875,29.718125,93,433,92,5,1,0,0
12/5/2024,0,78.3125,91.08333333,29.675,88,421,94,6,1,0,0
13/5/2024,0,84.64583333,81.0625,29.67875,94,426,86,0,0,0,0
14/5/2024,2,86.5,78.89583333,29.675,89,436,93,1,0,0,0
15/5/2024,0,87.41666667,76.16666667,29.681875,89,419,94,2,0,0,0
16/5/2024,0,81.52083333,91.35416667,29.68875,71,455,95,3,0,0,0
17/5/2024,0,82.8125,87.6875,29.675,87,430,91,4,0,0,0
18/5/2024,0,84.52083333,84.79166667,29.63625,91,423,92,5,1,0,0
19/5/2024,0,84.70833333,83.41666667,29.605625,87,432,92,6,1,0,0
20/5/2024,0,84.20833333,85.58333333,29.615625,87,424,93,0,0,0,0
21/5/2024,0,83.60416667,85.5625,29.64,90,423,90,1,0,0,0
22/5/2024,0,84.27083333,83.8125,29.648125,85,433,93,2,0,1,0
23/5/2024,0,83.97916667,79.875,29.64875,95,434,92,3,0,0,0
24/5/2024,0,86.25,76.52083333,29.6425,92,432,90,4,0,0,0
25/5/2024,0,84.70833333,79.52083333,29.659375,86,437,92,5,1,0,0
26/5/2024,1,86.1875,77.04166667,29.67375,92,432,94,6,1,0,0
27/5/2024,0,85.39583333,80.125,29.66125,92,442,89,0,0,0,0
28/5/2024,0,86.3125,77.125,29.661875,89,437,91,1,0,0,0
29/5/2024,0,85.29166667,83.77083333,29.65,82,450,97,2,0,0,0
30/5/2024,0,85.02083333,84.72916667,29.65125,89,437,92,3,0,0,0
31/5/2024,0,81.97916667,90.3125,29.67875,78,435,94,4,0,0,0
1/6/2024,0,80.9375,83.04166667,29.77145833,87,431,91,5,1,0,0
2/6/2024,1,80.85416667,81.72916667,29.8275,91,434,95,6,1,0,0
3/6/2024,0,84.22916667,76.16666667,29.688125,88,438,92,0,0,1,0
4/6/2024,0,84.66666667,70.89583333,29.67375,88,423,96,1,0,0,0
5/6/2024,0,82.77083333,84.8125,29.665,93,433,91,2,0,0,0
6/6/2024,0,86.66666667,69.5625,29.731875,93,423,94,3,0,0,0
7/6/2024,1,81.47916667,81.89583333,29.629375,89,434,92,4,0,0,0
8/6/2024,0,82.83333333,77.54166667,29.695625,88,419,91,5,1,0,0
9/6/2024,0,82.67391304,83.15217391,29.64717391,93,421,92,6,1,0,0
10/6/2024,0,80,87.74358974,29.71846154,89,433,94,0,0,0,0
11/6/2024,0,78.45833333,90.52083333,29.7425,90,418,93,1,0,0,0
12/6/2024,0,81.14583333,83.79166667,29.659375,93,428,95,2,0,0,0
13/6/2024,1,85.0625,70.85416667,29.7225,91,414,90,3,0,0,0
14/6/2024,1,85.9375,70.60416667,29.664375,90,432,86,4,0,0,0
15/6/2024,0,85.08333333,75.02083333,29.64,93,426,91,5,1,0,0
16/6/2024,1,80.52083333,88.64583333,29.676875,85,437,93,6,1,0,0
17/6/2024,0,80.83333333,81.1875,29.701875,92,439,95,0,0,0,0
18/6/2024,0,82.77083333,76.91666667,29.675,93,423,89,1,0,0,0
19/6/2024,0,81.77083333,82.22916667,29.660625,87,426,91,2,0,0,0
20/6/2024,0,83.45833333,75.5,29.6525,93,414,91,3,0,0,0
21/6/2024,0,80,83.125,29.66,86,437,91,4,0,0,0
22/6/2024,0,80.0625,83.64583333,29.645,92,441,89,5,1,0,0
23/6/2024,0,80.4375,76.54166667,29.663125,91,415,92,6,1,0,0
24/6/2024,0,81.10416667,82.375,29.664375,91,426,91,0,0,0,0
25/6/2024,0,82.08333333,78.125,29.634375,91,429,87,1,0,0,0
26/6/2024,0,83.0625,79.625,29.6375,95,434,93,2,0,0,0
27/6/2024,0,83,80.89583333,29.6825,82,442,91,3,0,0,0
28/6/2024,0,81.14583333,84.35416667,29.693125,87,430,89,4,0,0,0
29/6/2024,0,82.64583333,83.9375,29.69375,81,433,93,5,1,0,0
30/6/2024,0,83.10416667,80.97916667,29.73125,86,421,87,6,1,0,0
1/7/2024,0,79.625,91.14583333,29.78166667,89,435,87,0,0,0,0
2/7/2024,4,81.85714286,80.32653061,29.79653061,91,427,92,1,0,0,0
3/7/2024,0,83.95833333,74,29.67375,93,417,95,2,0,0,0
4/7/2024,1,83.5,72.5625,29.66375,91,429,87,3,0,0,0
5/7/2024,0,84.6875,83.25,29.704375,86,424,87,4,0,0,0
6/7/2024,0,83.91666667,80.89583333,29.70625,90,425,96,5,1,0,0
7/7/2024,0,82.6875,78.45833333,29.644375,87,436,92,6,1,0,0
8/7/2024,0,82.54166667,78.85416667,29.713125,91,425,92,0,0,0,0
9/7/2024,0,78.39583333,88.75,29.704375,88,426,91,1,0,0,0
10/7/2024,1,82.10638298,82.87234043,29.73382979,88,443,96,2,0,0,0
11/7/2024,0,80.95833333,85.08333333,29.7275,86,429,97,3,0,0,0
12/7/2024,0,80.97916667,87.22916667,29.673125,91,429,93,4,0,0,0
13/7/2024,0,83.0625,79.97916667,29.626875,95,424,94,5,1,0,0
14/7/2024,0,81.97916667,80.79166667,29.63625,82,433,90,6,1,0,0
15/7/2024,0,83.5625,76.72916667,29.626875,93,423,89,0,0,0,0
16/7/2024,0,83.02083333,83.0625,29.629375,93,427,92,1,0,0,0
17/7/2024,0,79.10416667,91.77083333,29.649375,85,442,92,2,0,0,0
18/7/2024,0,84.08333333,78.8125,29.649375,93,430,93,3,0,0,0
19/7/2024,0,83.1875,82.85416667,29.64125,90,429,91,4,0,0,0
20/7/2024,0,84.45833333,78.72916667,29.66875,93,424,91,5,1,1,0
21/7/2024,0,83.6875,80.3125,29.68625,88,415,94,6,1,1,0
22/7/2024,0,85.44680851,78.63829787,29.68787234,90,428,94,0,0,1,0
23/7/2024,0,84.6875,78.22916667,29.690625,93,441,91,1,0,0,0
24/7/2024,0,84.29166667,77.60416667,29.633125,94,432,92,2,0,0,0
25/7/2024,0,85.35416667,73.70833333,29.59125,91,426,87,3,0,0,0
26/7/2024,0,83.70833333,81.41666667,29.620625,92,415,91,4,0,0,0
27/7/2024,1,84.47916667,77.375,29.651875,92,425,91,5,1,0,0
28/7/2024,0,81.89583333,83.85416667,29.64375,87,437,89,6,1,1,0
29/7/2024,1,79.8125,85.4375,29.658125,86,440,93,0,0,1,0
30/7/2024,0,82.08333333,81.6875,29.684375,82,435,90,1,0,0,0
31/7/2024,0,82.3125,83.25,29.729375,89,428,92,2,0,0,0
1/8/2024,1,81.39583333,86.6875,29.769375,90,440,93,3,0,0,0
2/8/2024,0,82.20833333,79.1875,29.76708333,90,443,90,4,0,0,0
3/8/2024,0,82.14583333,77.33333333,29.703125,83,441,97,5,1,0,0
4/8/2024,0,85.5625,74.02083333,29.685625,90,425,95,6,1,0,0
5/8/2024,1,85.8125,77.89583333,29.6825,89,432,97,0,0,0,0
6/8/2024,1,85.39583333,75.66666667,29.68375,88,439,94,1,0,0,0
7/8/2024,2,83.22916667,77.3125,29.64125,90,422,96,2,0,0,0
8/8/2024,0,83.8125,77.20833333,29.7,92,441,98,3,0,0,0
9/8/2024,0,78.80851064,88.5106383,29.73829787,87,446,95,4,0,0,0
10/8/2024,0,80.875,84.1875,29.74208333,90,423,90,5,1,0,0
11/8/2024,0,77.95833333,89.83333333,29.734375,93,433,92,6,1,0,0
12/8/2024,0,83.10416667,79.8125,29.68625,91,410,89,0,0,1,0
13/8/2024,0,83.875,76.70833333,29.663125,89,439,90,1,0,0,0
14/8/2024,0,81.5625,85.25,29.674375,86,435,87,2,0,0,0
15/8/2024,0,82.22916667,83.5625,29.6525,92,443,96,3,0,0,0
16/8/2024,0,82.85416667,84.625,29.638125,84,440,90,4,0,0,0
17/8/2024,0,82.0625,83.91666667,29.673125,91,433,94,5,1,0,0
18/8/2024,0,81.29166667,86.1875,29.69125,89,421,89,6,1,0,0
19/8/2024,0,81.64583333,83.35416667,29.688125,86,432,92,0,0,0,0
20/8/2024,0,80.41666667,81.375,29.719375,90,435,89,1,0,0,0
21/8/2024,1,82.85416667,75.16666667,29.720625,91,431,92,2,0,0,0
22/8/2024,0,82,83.6875,29.71375,80,439,94,3,0,0,0
23/8/2024,0,78.70833333,91.0625,29.751875,76,445,95,4,0,0,0
24/8/2024,0,82.08333333,79.52083333,29.73375,89,434,93,5,1,0,0
25/8/2024,0,78.70833333,88.04166667,29.721875,86,430,92,6,1,0,0
26/8/2024,0,80.8125,83.64583333,29.70125,89,422,96,0,0,0,0
27/8/2024,0,79.14583333,87.875,29.716875,85,433,96,1,0,0,0
28/8/2024,0,78.9375,85.72916667,29.71875,82,438,93,2,0,0,0
29/8/2024,1,81.5625,83.77083333,29.7,95,430,91,3,0,0,0
30/8/2024,0,83.83333333,76.35416667,29.695,97,435,90,4,0,0,0
31/8/2024,0,82.66666667,80.66666667,29.704375,94,425,101,5,1,0,0
1/9/2024,1,80.875,87.04166667,29.75291667,92,422,93,6,1,0,0
2/9/2024,1,81.95833333,78.0625,29.80270833,91,427,89,0,0,0,0
3/9/2024,0,80.33333333,85.83333333,29.73333333,91,428,93,1,0,0,0
4/9/2024,0,86.1875,74.10416667,29.685625,90,436,90,2,0,0,0
5/9/2024,0,86.33333333,78.75,29.655,88,430,92,3,0,0,0
6/9/2024,0,84.20833333,73.89583333,29.685,88,427,90,4,0,0,0
7/9/2024,1,82.20833333,81.875,29.68,81,437,93,5,1,0,0
8/9/2024,0,82.10416667,83.625,29.7025,81,430,91,6,1,0,0
9/9/2024,0,80.04166667,80.89583333,29.696875,94,424,88,0,0,0,0
10/9/2024,0,79.57446809,88.53191489,29.70702128,90,432,95,1,0,0,0
11/9/2024,0,77.5,93.1875,29.730625,92,428,93,2,0,0,0
12/9/2024,0,78.39583333,91.29166667,29.69625,91,439,91,3,0,0,0
13/9/2024,0,79.61702128,84.61702128,29.69553191,87,431,88,4,0,0,0
14/9/2024,1,79.45833333,87.52083333,29.655625,78,444,98,5,1,0,0
15/9/2024,0,78.22916667,91.35416667,29.653125,73,442,88,6,1,0,0
16/9/2024,0,78.5,88.97916667,29.64375,64,472,93,0,0,0,0
17/9/2024,0,78.97916667,87,29.619375,71,455,92,1,0,0,0
18/9/2024,0,78.4,85.55555556,29.588,73,424,88,2,0,0,0
19/9/2024,0,79.97916667,84.95833333,29.579375,83,431,91,3,0,0,0
20/9/2024,1,80.14583333,84.25,29.613125,85,446,91,4,0,0,0
21/9/2024,0,80.77083333,84.52083333,29.63125,91,430,93,5,1,0,0
22/9/2024,0,80.34042553,88.25531915,29.64829787,84,410,92,6,1,0,0
23/9/2024,0,80.9375,84.25,29.693125,78,448,91,0,0,0,0
24/9/2024,0,78.89583333,90.625,29.719375,87,444,93,1,0,0,0
25/9/2024,0,80.16666667,87.35416667,29.72125,83,435,97,2,0,0,0
26/9/2024,1,80.02083333,86.14583333,29.711875,85,439,92,3,0,0,0
27/9/2024,0,82.0625,81.25,29.694375,94,425,94,4,0,0,0
28/9/2024,0,82.60416667,84.9375,29.69375,84,443,96,5,1,0,0
29/9/2024,1,83.39583333,79.02083333,29.7075,91,435,92,6,1,0,0
30/9/2024,0,82.33333333,82.41666667,29.685,87,422,95,0,0,0,0
1/10/2024,0,81.52083333,85.16666667,29.73375,90,420,96,1,0,0,0
2/10/2024,0,82.33333333,75.1875,29.8425,83,427,90,2,0,0,0
3/10/2024,0,82.77083333,77.4375,29.77958333,91,428,94,3,0,0,0
4/10/2024,1,86.125,76.45833333,29.714375,86,444,92,4,0,0,0
5/10/2024,1,83.29166667,85.64583333,29.68125,76,458,93,5,1,0,0
6/10/2024,0,84.35416667,73.20833333,29.714375,52,345,76,6,1,0,0
7/10/2024,0,81.97916667,82.45833333,29.73125,86,410,92,0,0,0,0
8/10/2024,0,83.10416667,78.25,29.681875,81,450,94,1,0,0,0
9/10/2024,0,82.54166667,75.5,29.67875,80,425,93,2,0,0,0
10/10/2024,0,79.77083333,89.54166667,29.679375,83,442,95,3,0,0,0
11/10/2024,0,80.04166667,85.95833333,29.71875,71,446,91,4,0,0,0
12/10/2024,0,78.875,90.75,29.675,84,440,95,5,1,0,0
13/10/2024,2,80.3125,87.66666667,29.69375,87,432,90,6,1,1,0
14/10/2024,2,80.45833333,89.125,29.69125,87,418,92,0,0,1,0
15/10/2024,0,80.1875,90.54166667,29.7175,85,434,91,1,0,0,0
16/10/2024,0,81.625,84.125,29.71875,90,422,97,2,0,0,0
17/10/2024,0,81.20833333,86,29.718125,89,434,93,3,0,0,0
18/10/2024,0,80.5,83.66666667,29.714375,87,427,94,4,0,0,0
19/10/2024,0,81.0625,82.60416667,29.725625,89,418,93,5,1,0,0
20/10/2024,0,82.0625,80.16666667,29.74479167,92,423,93,6,1,0,0
21/10/2024,0,83.72916667,73.52083333,29.735625,93,431,93,0,0,0,0
22/10/2024,0,82.64583333,72.04166667,29.719375,94,428,96,1,0,0,0
23/10/2024,0,81.47916667,80.0625,29.731875,94,431,90,2,0,1,0
24/10/2024,0,80.20833333,87.0625,29.721875,86,410,93,3,0,0,0
25/10/2024,0,79.72916667,84.70833333,29.710625,90,427,87,4,0,0,0
26/10/2024,0,80.1875,83.04166667,29.679375,90,446,93,5,1,0,0
27/10/2024,0,79.08333333,89.39583333,29.644375,79,433,90,6,1,0,0
28/10/2024,0,81.25,85.02083333,29.634375,92,418,92,0,0,0,0
29/10/2024,0,80.91666667,85.64583333,29.68125,85,424,90,1,0,0,0
30/10/2024,0,82.83333333,79.79166667,29.7175,88,425,97,2,0,0,0
31/10/2024,0,81.95833333,81.89583333,29.71875,88,419,91,3,0,0,0
1/11/2024,0,81.20833333,84.4375,29.758125,92,431,94,4,0,0,0
2/11/2024,0,82.5,71.9375,29.876875,87,420,94,5,1,0,0
3/11/2024,1,82.47916667,72.625,29.80145833,82,450,93,6,1,0,0
4/11/2024,1,85.375,70.60416667,29.7125,76,450,94,0,0,0,0
5/11/2024,1,85.5625,80.125,29.71375,76,464,92,1,0,0,0
6/11/2024,0,85.45833333,69.16666667,29.738125,76,438,89,2,0,0,0
7/11/2024,0,81.3125,83.41666667,29.703125,88,436,88,3,0,0,0
8/11/2024,0,84.45833333,76.27083333,29.644375,90,442,89,4,0,0,0
9/11/2024,0,83.75,76.70833333,29.699375,88,438,89,5,1,0,0
10/11/2024,0,80.5625,90.70833333,29.67875,90,434,89,6,1,0,0
11/11/2024,0,81.35416667,86.52083333,29.70375,81,430,94,0,0,0,0
12/11/2024,0,80.8125,82.66666667,29.645625,82,433,89,1,0,0,0
13/11/2024,0,81.45833333,82.33333333,29.669375,91,431,91,2,0,0,0
14/11/2024,0,80.97916667,87.5625,29.675625,82,430,89,3,0,0,0
15/11/2024,0,82.5625,81.25,29.678125,87,439,95,4,0,0,0
16/11/2024,0,82.47916667,82.22916667,29.663125,89,430,95,5,1,0,0
17/11/2024,1,83.20833333,80.25,29.663125,91,426,91,6,1,0,0
18/11/2024,0,82.77083333,78.29166667,29.659375,94,432,91,0,0,0,0
19/11/2024,0,82.54166667,78.45833333,29.685,90,427,95,1,0,0,0
20/11/2024,0,80.79166667,83.9375,29.67625,80,428,90,2,0,0,0
21/11/2024,0,78.5625,91.16666667,29.6625,77,439,91,3,0,0,0
22/11/2024,0,78.16666667,91.625,29.68375,88,438,96,4,0,0,0
23/11/2024,0,80.08333333,87.97916667,29.6775,77,445,93,5,1,0,0
24/11/2024,0,79.79166667,90.125,29.683125,82,447,90,6,1,0,0
25/11/2024,0,79.91666667,92.25,29.668125,80,439,91,0,0,0,0
26/11/2024,0,76.125,96.875,29.680625,55,464,89,1,0,0,0
27/11/2024,0,73.91666667,97.125,29.71125,57,478,99,2,0,0,0
28/11/2024,0,74.58333333,96.25,29.71125,58,481,91,3,0,0,0
29/11/2024,1,75.95833333,95.04166667,29.70625,61,469,91,4,0,0,0
30/11/2024,0,77.97916667,91.5,29.685,83,428,94,5,1,0,0
1/12/2024,0,80.20833333,83.89583333,29.75625,89,422,91,6,1,0,0
2/12/2024,0,82.25,71.1875,29.859375,94,421,92,0,0,0,0
3/12/2024,0,82.1875,74.875,29.80395833,88,433,91,1,0,0,0
4/12/2024,0,86.5,71.45833333,29.69875,87,427,96,2,0,0,0
5/12/2024,0,85.6875,79.20833333,29.69625,93,428,97,3,0,1,0
6/12/2024,0,85.02083333,66.64583333,29.75083333,90,425,93,4,0,0,0
7/12/2024,1,79.95833333,88.16666667,29.67875,92,439,92,5,1,0,0
8/12/2024,0,83.54166667,74.3125,29.648125,92,433,90,6,1,0,0
9/12/2024,0,81.52083333,82.08333333,29.715,82,433,96,0,0,0,0
10/12/2024,0,79.97916667,89.375,29.693125,85,440,95,1,0,1,0
11/12/2024,0,78.375,91.20833333,29.696875,92,425,94,2,0,0,0
12/12/2024,0,77.54166667,93.10416667,29.63,91,424,88,3,0,0,0
13/12/2024,1,76.83333333,95.6875,29.65,80,439,95,4,0,0,0
14/12/2024,0,77.08333333,94.25,29.6775,80,450,90,5,1,0,0
15/12/2024,0,80.79166667,84.60416667,29.708125,92,429,97,6,1,0,0
16/12/2024,0,77.5,94.625,29.74604167,83,436,88,0,0,0,0
17/12/2024,0,79.0625,90.04166667,29.743125,85,429,91,1,0,0,0
18/12/2024,0,79.75,85.79166667,29.726875,92,426,90,2,0,0,0
19/12/2024,0,78.375,88.64583333,29.735,87,436,89,3,0,0,0
20/12/2024,0,79.95833333,82.33333333,29.7225,86,425,95,4,0,0,0
21/12/2024,0,80.20833333,79.14583333,29.73375,95,434,91,5,1,0,0
22/12/2024,0,79.47916667,82.29166667,29.7125,91,416,95,6,1,0,0
23/12/2024,0,78.29166667,85.64583333,29.710625,94,430,95,0,0,0,0
24/12/2024,0,78.5,82.35416667,29.728125,90,440,91,1,0,0,0
25/12/2024,0,78.89583333,81.58333333,29.75,89,435,96,2,0,0,0
26/12/2024,0,79.72916667,82.20833333,29.76229167,89,421,94,3,0,0,0
27/12/2024,1,80.45833333,87.6875,29.7575,84,434,90,4,0,0,0
28/12/2024,1,82.04166667,80.47916667,29.761875,92,428,96,5,1,0,0
29/12/2024,0,79.83333333,85.1875,29.76604167,82,441,93,6,1,0,0
30/12/2024,1,80.29166667,81.27083333,29.78333333,96,419,83,0,0,1,0
31/12/2024,0,79.79166667,81.20833333,29.76541667,93,431,95,1,0,1,0
