ปีที่เกิดเหตุ,วันที่เกิดเหตุ,เวลา,รหัสสายทาง,จังหวัด,LATITUDE,LONGITUDE,รถที่เกิดเหตุ,น้อยกว่ารถ4ล้อ,รถ4ล้อ,มากกว่ารถ4ล้อ,เกิดเหตุ,source_file
2020,02/01/2020,07:30 PM,4,สงขลา,7.010657039,100.4133654,2,1,1,0,1,accident2020-4_songkhla.csv
2020,23/01/2020,02:30 PM,4,สงขลา,6.79190218,100.453172,2,1,0,1,1,accident2020-4_songkhla.csv
2020,25/01/2020,02:00 AM,4,สงขลา,6.746294867,100.4514688,1,0,0,1,1,accident2020-4_songkhla.csv
2020,27/01/2020,08:30 PM,4,สงขลา,6.904145401,100.4695093,1,0,1,0,1,accident2020-4_songkhla.csv
2020,05/02/2020,05:00 PM,4,สงขลา,7.007688726,100.4141861,2,1,0,1,1,accident2020-4_songkhla.csv
2020,06/02/2020,02:00 AM,4,สงขลา,6.532962943,100.4170909,2,0,2,0,1,accident2020-4_songkhla.csv
2020,06/02/2020,03:00 AM,4,สงขลา,6.5466891,100.4149908,2,1,1,0,1,accident2020-4_songkhla.csv
2020,12/02/2020,12:00 AM,4,สงขลา,6.747874401,100.4515707,1,0,1,0,1,accident2020-4_songkhla.csv
2020,17/02/2020,03:30 PM,4,สงขลา,6.850541026,100.4704133,1,0,0,1,1,accident2020-4_songkhla.csv
2020,28/02/2020,09:30 AM,4,สงขลา,6.733213566,100.4500097,3,0,1,2,1,accident2020-4_songkhla.csv
2020,29/02/2020,08:00 AM,4,สงขลา,6.751704684,100.4527831,3,0,3,0,1,accident2020-4_songkhla.csv
2020,04/03/2020,10:30 PM,4,สงขลา,6.849246778,100.470314,1,1,0,0,1,accident2020-4_songkhla.csv
2020,05/03/2020,09:00 AM,4,สงขลา,6.800313079,100.4530647,2,0,2,0,1,accident2020-4_songkhla.csv
2020,12/03/2020,12:30 PM,4,สงขลา,6.747794492,100.4515385,1,0,1,0,1,accident2020-4_songkhla.csv
2020,20/03/2020,06:30 PM,4,สงขลา,6.713118127,100.4454607,2,0,1,1,1,accident2020-4_songkhla.csv
2020,22/03/2020,09:00 PM,4,สงขลา,6.849869935,100.4703703,1,0,1,0,1,accident2020-4_songkhla.csv
2020,26/03/2020,06:00 PM,4,สงขลา,6.984777508,100.448572,1,0,1,0,1,accident2020-4_songkhla.csv
2020,27/03/2020,09:00 AM,4,สงขลา,7.020999397,100.4074082,2,1,0,1,1,accident2020-4_songkhla.csv
2020,21/04/2020,09:30 PM,4,สงขลา,6.546670447,100.4148137,3,2,1,0,1,accident2020-4_songkhla.csv
2020,24/04/2020,03:00 PM,4,สงขลา,6.653034644,100.4293915,2,0,1,1,1,accident2020-4_songkhla.csv
2020,27/04/2020,01:00 PM,4,สงขลา,6.914162596,100.46904,1,0,0,1,1,accident2020-4_songkhla.csv
2020,28/04/2020,08:30 PM,4,สงขลา,7.04322737,100.3878978,2,1,1,0,1,accident2020-4_songkhla.csv
2020,12/05/2020,11:30 PM,4,สงขลา,6.986707674,100.4308078,1,0,0,1,1,accident2020-4_songkhla.csv
2020,18/05/2020,04:30 PM,4,สงขลา,6.790677021,100.453062,2,0,1,1,1,accident2020-4_songkhla.csv
2020,09/06/2020,05:30 PM,4,สงขลา,6.745844712,100.4515546,1,0,1,0,1,accident2020-4_songkhla.csv
2020,18/06/2020,04:00 PM,4,สงขลา,6.930388829,100.4685464,1,0,1,0,1,accident2020-4_songkhla.csv
2020,07/07/2020,08:30 AM,4,สงขลา,6.653873849,100.4293433,2,1,0,1,1,accident2020-4_songkhla.csv
2020,11/07/2020,08:30 PM,4,สงขลา,6.531827741,100.4172143,2,1,0,1,1,accident2020-4_songkhla.csv
2020,12/07/2020,11:30 AM,4,สงขลา,6.952762221,100.4731464,1,0,1,0,1,accident2020-4_songkhla.csv
2020,16/07/2020,12:00 PM,4,สงขลา,6.795918549,100.4532096,2,1,1,0,1,accident2020-4_songkhla.csv
2020,23/07/2020,11:00 AM,4,สงขลา,6.582970594,100.4124883,2,0,1,1,1,accident2020-4_songkhla.csv
2020,28/07/2020,10:30 AM,4,สงขลา,6.743143773,100.4513508,2,0,1,1,1,accident2020-4_songkhla.csv
2020,17/08/2020,07:30 AM,4,สงขลา,6.979197288,100.4654699,3,1,2,0,1,accident2020-4_songkhla.csv
2020,07/09/2020,06:30 PM,4,สงขลา,7.100469467,100.3370538,2,0,1,1,1,accident2020-4_songkhla.csv
2020,09/09/2020,01:30 PM,4,สงขลา,6.978965665,100.46617,1,0,0,1,1,accident2020-4_songkhla.csv
2020,11/09/2020,11:00 AM,4,สงขลา,6.884475189,100.4700833,2,0,2,0,1,accident2020-4_songkhla.csv
2020,12/09/2020,10:30 AM,4,สงขลา,6.904169366,100.4695201,1,0,1,0,1,accident2020-4_songkhla.csv
2020,14/09/2020,08:30 PM,4,สงขลา,6.693786405,100.4408017,2,0,1,1,1,accident2020-4_songkhla.csv
2020,17/09/2020,09:30 PM,4,สงขลา,6.694753408,100.4410967,1,0,1,0,1,accident2020-4_songkhla.csv
2020,21/09/2020,08:30 AM,4,สงขลา,6.782090166,100.4529521,1,0,1,0,1,accident2020-4_songkhla.csv
2020,30/09/2020,10:00 PM,4,สงขลา,6.871216575,100.4704052,2,0,1,1,1,accident2020-4_songkhla.csv
2020,07/10/2020,07:00 PM,4,สงขลา,6.523862595,100.4185286,2,1,0,1,1,accident2020-4_songkhla.csv
2020,10/10/2020,10:30 PM,4,สงขลา,6.984308943,100.4503074,1,0,1,0,1,accident2020-4_songkhla.csv
2020,22/10/2020,10:30 AM,4,สงขลา,6.786226471,100.4530594,2,1,0,1,1,accident2020-4_songkhla.csv
2020,30/10/2020,02:00 PM,4,สงขลา,6.791500009,100.4530781,2,1,1,0,1,accident2020-4_songkhla.csv
2020,05/11/2020,03:00 AM,4,สงขลา,6.790035143,100.4529708,2,0,2,0,1,accident2020-4_songkhla.csv
2020,09/11/2020,08:30 PM,4,สงขลา,6.809706585,100.4554841,2,0,1,1,1,accident2020-4_songkhla.csv
2020,11/11/2020,09:30 AM,4,สงขลา,6.938312693,100.4701745,1,0,0,1,1,accident2020-4_songkhla.csv
2020,14/11/2020,02:00 AM,4,สงขลา,6.712524094,100.4453534,1,0,0,1,1,accident2020-4_songkhla.csv
2020,17/11/2020,11:30 PM,4,สงขลา,6.751534213,100.4526758,1,0,0,1,1,accident2020-4_songkhla.csv
2020,18/11/2020,05:30 PM,4,สงขลา,6.531822411,100.4172814,2,1,0,1,1,accident2020-4_songkhla.csv
2020,24/11/2020,09:30 AM,4,สงขลา,6.961513727,100.4750213,2,1,0,1,1,accident2020-4_songkhla.csv
2020,27/11/2020,11:00 AM,4,สงขลา,6.991478477,100.41877,1,0,1,0,1,accident2020-4_songkhla.csv
2020,03/12/2020,02:00 AM,4,สงขลา,6.958294832,100.4742569,1,0,1,0,1,accident2020-4_songkhla.csv
2020,07/12/2020,02:30 AM,4,สงขลา,6.581033481,100.4118982,1,0,1,0,1,accident2020-4_songkhla.csv
2020,07/12/2020,09:00 AM,4,สงขลา,6.68481955,100.4389751,1,0,1,0,1,accident2020-4_songkhla.csv
2020,07/12/2020,09:30 PM,4,สงขลา,6.785946812,100.4530191,1,0,1,0,1,accident2020-4_songkhla.csv
2020,18/12/2020,12:30 AM,4,สงขลา,6.842272154,100.4685438,1,0,1,0,1,accident2020-4_songkhla.csv
2020,21/12/2020,11:00 AM,4,สงขลา,6.816074463,100.4574394,2,0,2,0,1,accident2020-4_songkhla.csv
2020,21/12/2020,04:00 PM,4,สงขลา,6.655405729,100.4301694,2,1,0,1,1,accident2020-4_songkhla.csv
2020,26/12/2020,04:00 PM,4,สงขลา,6.531987628,100.4172948,1,0,0,1,1,accident2020-4_songkhla.csv
2020,27/12/2020,09:30 AM,4,สงขลา,6.915541874,100.4689756,4,1,3,0,1,accident2020-4_songkhla.csv
2020,31/12/2020,12:30 PM,4,สงขลา,7.184524299,100.2550077,1,0,1,0,1,accident2020-4_songkhla.csv
2020,31/12/2020,01:00 PM,4,สงขลา,7.185359899,100.2544632,1,0,1,0,1,accident2020-4_songkhla.csv
2021,03/01/2021,03:30 AM,4,สงขลา,7.049858287,100.3820264,1,0,0,1,1,accident2021-4_songkhla.csv
2021,07/01/2021,05:00 AM,4,สงขลา,6.692033539,100.4405066,1,0,1,0,1,accident2021-4_songkhla.csv
2021,11/01/2021,11:00 AM,4,สงขลา,6.829872572,100.4626241,1,0,1,0,1,accident2021-4_songkhla.csv
2021,20/01/2021,11:30 PM,4,สงขลา,6.980592349,100.4613447,1,0,1,0,1,accident2021-4_songkhla.csv
2021,29/01/2021,01:30 AM,4,สงขลา,6.721365242,100.447467,2,0,1,1,1,accident2021-4_songkhla.csv
2021,07/02/2021,07:30 PM,4,สงขลา,6.617781389,100.4203042,2,1,0,1,1,accident2021-4_songkhla.csv
2021,26/02/2021,10:00 PM,4,สงขลา,6.549700223,100.4143068,2,1,1,0,1,accident2021-4_songkhla.csv
2021,02/03/2021,08:00 AM,4,สงขลา,6.581249308,100.4119518,2,0,1,1,1,accident2021-4_songkhla.csv
2021,12/03/2021,07:30 AM,4,สงขลา,6.782116801,100.4528314,2,1,1,0,1,accident2021-4_songkhla.csv
2021,27/03/2021,12:00 AM,4,สงขลา,6.939686576,100.4704615,1,0,1,0,1,accident2021-4_songkhla.csv
2021,31/03/2021,01:30 PM,4,สงขลา,6.530988328,100.417563,1,0,0,1,1,accident2021-4_songkhla.csv
2021,06/04/2021,02:00 AM,4,สงขลา,6.635259134,100.4233163,1,0,1,0,1,accident2021-4_songkhla.csv
2021,10/04/2021,03:30 PM,4,สงขลา,6.733573167,100.4501518,2,0,0,2,1,accident2021-4_songkhla.csv
2021,10/04/2021,10:30 PM,4,สงขลา,7.141049683,100.3010961,1,0,1,0,1,accident2021-4_songkhla.csv
2021,12/04/2021,05:00 AM,4,สงขลา,6.684257451,100.4388141,1,0,1,0,1,accident2021-4_songkhla.csv
2021,16/04/2021,09:00 AM,4,สงขลา,6.986004828,100.4373389,4,0,3,1,1,accident2021-4_songkhla.csv
2021,19/04/2021,08:00 AM,4,สงขลา,6.645673551,100.4268166,2,1,1,0,1,accident2021-4_songkhla.csv
2021,20/04/2021,04:00 PM,4,สงขลา,6.930471369,100.4684901,2,0,0,2,1,accident2021-4_songkhla.csv
2021,23/04/2021,07:00 PM,4,สงขลา,6.732313231,100.4499373,1,0,1,0,1,accident2021-4_songkhla.csv
2021,28/04/2021,03:00 PM,4,สงขลา,6.987250781,100.4257142,1,0,0,1,1,accident2021-4_songkhla.csv
2021,30/04/2021,01:30 PM,4,สงขลา,6.993184985,100.4183274,2,0,1,1,1,accident2021-4_songkhla.csv
2021,03/05/2021,12:00 AM,4,สงขลา,6.719202252,100.4469734,1,0,0,1,1,accident2021-4_songkhla.csv
2021,16/05/2021,12:00 AM,4,สงขลา,6.894974769,100.4698339,1,0,1,0,1,accident2021-4_songkhla.csv
2021,17/05/2021,10:30 AM,4,สงขลา,6.795686837,100.4532069,2,1,1,0,1,accident2021-4_songkhla.csv
2021,19/05/2021,11:30 AM,4,สงขลา,6.937764204,100.4701102,2,0,1,1,1,accident2021-4_songkhla.csv
2021,21/05/2021,01:00 AM,4,สงขลา,6.980839946,100.4605991,1,0,0,1,1,accident2021-4_songkhla.csv
2021,05/06/2021,11:30 AM,4,สงขลา,6.815424629,100.4571444,2,0,1,1,1,accident2021-4_songkhla.csv
2021,08/06/2021,03:00 PM,4,สงขลา,6.672098908,100.4358369,1,0,1,0,1,accident2021-4_songkhla.csv
2021,14/06/2021,05:30 PM,4,สงขลา,6.763062174,100.4592419,1,0,1,0,1,accident2021-4_songkhla.csv
2021,22/06/2021,07:30 PM,4,สงขลา,6.87199948,100.4702577,2,0,2,0,1,accident2021-4_songkhla.csv
2021,22/06/2021,11:00 PM,4,สงขลา,6.983427719,100.4529038,1,0,0,1,1,accident2021-4_songkhla.csv
2021,29/06/2021,02:30 AM,4,สงขลา,6.726090755,100.4486793,2,1,0,1,1,accident2021-4_songkhla.csv
2021,04/07/2021,11:00 AM,4,สงขลา,7.004339701,100.415082,1,0,0,1,1,accident2021-4_songkhla.csv
2021,09/07/2021,02:30 PM,4,สงขลา,6.807722432,100.4548484,2,0,1,1,1,accident2021-4_songkhla.csv
2021,14/07/2021,06:00 AM,4,สงขลา,6.666333885,100.4338172,1,0,0,1,1,accident2021-4_songkhla.csv
2021,20/08/2021,11:00 PM,4,สงขลา,7.004334377,100.4151007,1,0,1,0,1,accident2021-4_songkhla.csv
2021,17/09/2021,02:30 PM,4,สงขลา,6.575096861,100.4104069,1,0,1,0,1,accident2021-4_songkhla.csv
2021,17/09/2021,07:00 PM,4,สงขลา,6.807767708,100.4549637,3,0,2,1,1,accident2021-4_songkhla.csv
2021,20/10/2021,01:30 PM,4,สงขลา,6.797945365,100.453223,2,0,2,0,1,accident2021-4_songkhla.csv
2021,14/11/2021,09:00 PM,4,สงขลา,7.004334377,100.4151007,1,0,1,0,1,accident2021-4_songkhla.csv
2021,16/11/2021,08:00 AM,4,สงขลา,6.809759851,100.4554921,2,0,2,0,1,accident2021-4_songkhla.csv
2021,27/11/2021,12:00 AM,4,สงขลา,6.874534592,100.4702282,1,0,1,0,1,accident2021-4_songkhla.csv
2021,06/12/2021,01:30 AM,4,สงขลา,6.894037458,100.4698634,1,0,1,0,1,accident2021-4_songkhla.csv
2021,08/12/2021,03:00 PM,4,สงขลา,6.624825848,100.4216158,1,0,0,1,1,accident2021-4_songkhla.csv
2021,08/12/2021,03:30 PM,4,สงขลา,6.656687175,100.4305798,2,0,1,1,1,accident2021-4_songkhla.csv
2021,17/12/2021,11:00 PM,4,สงขลา,6.71268126,100.4454231,1,0,0,1,1,accident2021-4_songkhla.csv
2021,18/12/2021,09:30 PM,4,สงขลา,6.979905468,100.4633832,2,0,2,0,1,accident2021-4_songkhla.csv
2021,27/12/2021,08:30 AM,4,สงขลา,6.793052761,100.4531345,2,0,1,1,1,accident2021-4_songkhla.csv
2021,29/12/2021,12:30 AM,4,สงขลา,6.836623673,100.4658455,1,0,1,0,1,accident2021-4_songkhla.csv
2021,29/12/2021,07:00 PM,4,สงขลา,7.190660869,100.2221668,1,0,0,1,1,accident2021-4_songkhla.csv
2021,29/12/2021,11:30 PM,4,สงขลา,7.004203929,100.415031,1,0,0,1,1,accident2021-4_songkhla.csv
2021,30/12/2021,05:30 AM,4,สงขลา,6.788695453,100.453113,2,1,1,0,1,accident2021-4_songkhla.csv
2022,01/03/2022,01:00 PM,4,สงขลา,6.624175758,100.4215085,1,1,0,0,1,accident2022-4_songkhla.csv
2022,01/06/2022,10:00 AM,4,สงขลา,6.670559089,100.4353434,2,0,0,2,1,accident2022-4_songkhla.csv
2022,01/11/2022,11:30 AM,4,สงขลา,6.792738483,100.4531801,2,1,1,0,1,accident2022-4_songkhla.csv
2022,01/12/2022,11:00 AM,4,สงขลา,6.67706466,100.4373792,1,0,1,0,1,accident2022-4_songkhla.csv
2022,26/01/2022,06:30 PM,4,สงขลา,6.575984161,100.4105705,1,0,1,0,1,accident2022-4_songkhla.csv
2022,02/03/2022,01:00 PM,4,สงขลา,6.734633321,100.4502243,1,0,1,0,1,accident2022-4_songkhla.csv
2022,02/07/2022,01:30 AM,4,สงขลา,6.957983324,100.4742032,1,0,1,0,1,accident2022-4_songkhla.csv
2022,02/10/2022,06:30 PM,4,สงขลา,6.807703789,100.4548645,2,1,1,0,1,accident2022-4_songkhla.csv
2022,02/12/2022,07:30 PM,4,สงขลา,6.927851353,100.4682782,1,0,1,0,1,accident2022-4_songkhla.csv
2022,15/02/2022,08:30 PM,4,สงขลา,6.836847376,100.4659581,1,0,1,0,1,accident2022-4_songkhla.csv
2022,20/02/2022,10:00 PM,4,สงขลา,6.868665467,100.4703113,2,0,2,0,1,accident2022-4_songkhla.csv
2022,25/02/2022,03:00 PM,4,สงขลา,6.760736894,100.4592928,1,0,0,1,1,accident2022-4_songkhla.csv
2022,26/02/2022,01:00 AM,4,สงขลา,6.849864609,100.4703784,1,0,1,0,1,accident2022-4_songkhla.csv
2022,03/03/2022,06:00 PM,4,สงขลา,6.609527202,100.4191026,2,0,2,0,1,accident2022-4_songkhla.csv
2022,03/06/2022,06:00 PM,4,สงขลา,6.666701527,100.4340693,1,0,0,1,1,accident2022-4_songkhla.csv
2022,03/08/2022,11:00 AM,4,สงขลา,6.98118871,100.4595718,1,0,1,0,1,accident2022-4_songkhla.csv
2022,03/12/2022,12:30 AM,4,สงขลา,6.984447383,100.449889,2,0,2,0,1,accident2022-4_songkhla.csv
2022,26/03/2022,02:30 AM,4,สงขลา,6.747224475,100.4515681,1,0,1,0,1,accident2022-4_songkhla.csv
2022,04/03/2022,03:30 PM,4,สงขลา,6.796581726,100.4532578,2,0,2,0,1,accident2022-4_songkhla.csv
2022,17/04/2022,05:00 AM,4,สงขลา,6.720699298,100.4471853,1,0,1,0,1,accident2022-4_songkhla.csv
2022,21/04/2022,02:30 PM,4,สงขลา,6.642303343,100.4256096,1,0,1,0,1,accident2022-4_songkhla.csv
2022,24/04/2022,12:30 PM,4,สงขลา,6.732819337,100.4498997,2,0,0,2,1,accident2022-4_songkhla.csv
2022,05/08/2022,04:00 PM,4,สงขลา,6.844868675,100.4698688,1,0,1,0,1,accident2022-4_songkhla.csv
2022,05/09/2022,07:30 AM,4,สงขลา,6.866806718,100.4703033,1,0,0,1,1,accident2022-4_songkhla.csv
2022,05/09/2022,07:30 AM,4,สงขลา,6.866851989,100.4703194,1,1,0,0,1,accident2022-4_songkhla.csv
2022,05/12/2022,12:00 AM,4,สงขลา,6.861800311,100.4704696,1,1,0,0,1,accident2022-4_songkhla.csv
2022,05/12/2022,05:30 PM,4,สงขลา,6.818170437,100.4581851,2,0,2,0,1,accident2022-4_songkhla.csv
2022,20/05/2022,07:30 PM,4,สงขลา,6.794333845,100.4531881,2,0,2,0,1,accident2022-4_songkhla.csv
2022,25/05/2022,04:30 PM,4,สงขลา,6.73163132,100.4497924,1,0,1,0,1,accident2022-4_songkhla.csv
2022,31/05/2022,10:30 AM,4,สงขลา,6.579248239,100.411402,1,0,0,1,1,accident2022-4_songkhla.csv
2022,06/12/2022,06:00 AM,4,สงขลา,6.797583149,100.453231,1,0,1,0,1,accident2022-4_songkhla.csv
2022,22/06/2022,05:00 AM,4,สงขลา,6.80088037,100.4533517,1,0,1,0,1,accident2022-4_songkhla.csv
2022,29/06/2022,07:30 PM,4,สงขลา,6.99579665,100.4175845,1,0,1,0,1,accident2022-4_songkhla.csv
2022,30/06/2022,02:30 PM,4,สงขลา,6.979543391,100.4644561,1,0,1,0,1,accident2022-4_songkhla.csv
2022,07/01/2022,06:00 AM,4,สงขลา,6.813672203,100.4566911,1,0,1,0,1,accident2022-4_songkhla.csv
2022,07/12/2022,06:30 PM,4,สงขลา,6.581401186,100.4119143,2,0,1,1,1,accident2022-4_songkhla.csv
2022,08/02/2022,11:30 AM,4,สงขลา,6.617248521,100.4204061,2,0,2,0,1,accident2022-4_songkhla.csv
2022,08/06/2022,05:00 AM,4,สงขลา,6.833395939,100.4643139,1,0,1,0,1,accident2022-4_songkhla.csv
2022,08/09/2022,02:30 AM,4,สงขลา,6.849837978,100.4703596,1,0,1,0,1,accident2022-4_songkhla.csv
2022,09/01/2022,04:00 AM,4,สงขลา,6.542262982,100.4157364,1,0,1,0,1,accident2022-4_songkhla.csv
2022,09/09/2022,04:00 PM,4,สงขลา,6.810260549,100.4556423,2,0,2,0,1,accident2022-4_songkhla.csv
2022,09/11/2022,09:00 PM,4,สงขลา,6.75539643,100.4556611,2,1,1,0,1,accident2022-4_songkhla.csv
2022,24/09/2022,12:30 AM,4,สงขลา,6.545711147,100.4151973,2,0,1,1,1,accident2022-4_songkhla.csv
2022,25/09/2022,11:00 AM,4,สงขลา,6.751105372,100.4523593,1,0,0,1,1,accident2022-4_songkhla.csv
2022,27/09/2022,12:00 PM,4,สงขลา,6.75956759,100.4586276,1,0,1,0,1,accident2022-4_songkhla.csv
2022,27/09/2022,03:00 PM,4,สงขลา,6.834549084,100.4648611,3,1,1,1,1,accident2022-4_songkhla.csv
2022,10/05/2022,07:00 PM,4,สงขลา,6.807661176,100.4548994,2,0,1,1,1,accident2022-4_songkhla.csv
2022,10/11/2022,09:30 PM,4,สงขลา,6.983233371,100.453687,3,0,3,0,1,accident2022-4_songkhla.csv
2022,19/10/2022,11:00 AM,4,สงขลา,6.766785796,100.4586357,1,0,0,1,1,accident2022-4_songkhla.csv
2022,24/10/2022,11:00 PM,4,สงขลา,6.976723973,100.4739122,1,0,1,0,1,accident2022-4_songkhla.csv
2022,25/10/2022,09:30 AM,4,สงขลา,6.677032692,100.4373255,1,0,1,0,1,accident2022-4_songkhla.csv
2022,31/10/2022,02:00 PM,4,สงขลา,6.589503967,100.4141566,2,0,1,1,1,accident2022-4_songkhla.csv
2022,11/03/2022,07:00 PM,4,สงขลา,6.790783558,100.4530446,2,0,2,0,1,accident2022-4_songkhla.csv
2022,11/05/2022,08:30 PM,4,สงขลา,7.004146693,100.4150082,1,0,1,0,1,accident2022-4_songkhla.csv
2022,11/07/2022,05:30 PM,4,สงขลา,6.823370386,100.4596817,1,0,1,0,1,accident2022-4_songkhla.csv
2022,11/10/2022,07:00 PM,4,สงขลา,6.558857392,100.4128236,2,0,2,0,1,accident2022-4_songkhla.csv
2022,16/11/2022,12:30 PM,4,สงขลา,6.593711179,100.4152456,2,0,2,0,1,accident2022-4_songkhla.csv
2022,14/12/2022,12:00 AM,4,สงขลา,6.796327376,100.4532512,2,0,2,0,1,accident2022-4_songkhla.csv
2022,25/12/2022,04:30 AM,4,สงขลา,6.601974955,100.4173525,1,0,1,0,1,accident2022-4_songkhla.csv
2022,31/12/2022,08:30 PM,4,สงขลา,6.985322739,100.443632,2,0,2,0,1,accident2022-4_songkhla.csv
2023,02/01/2023,01:30 AM,4,สงขลา,6.777963149,100.452881,2,1,1,0,1,accident2023-4_songkhla.csv
2023,03/01/2023,06:30 PM,4,สงขลา,6.784871806,100.4530303,1,0,1,0,1,accident2023-4_songkhla.csv
2023,14/01/2023,10:00 AM,4,สงขลา,6.585809638,100.4131655,2,0,1,1,1,accident2023-4_songkhla.csv
2023,31/01/2023,06:00 PM,4,สงขลา,6.801137383,100.4532243,2,0,2,0,1,accident2023-4_songkhla.csv
2023,01/02/2023,09:00 AM,4,สงขลา,6.938055334,100.4701775,1,0,1,0,1,accident2023-4_songkhla.csv
2023,02/02/2023,05:00 AM,4,สงขลา,6.740458802,100.4511255,1,0,1,0,1,accident2023-4_songkhla.csv
2023,03/02/2023,09:00 AM,4,สงขลา,6.546542541,100.4150914,2,0,1,1,1,accident2023-4_songkhla.csv
2023,10/02/2023,02:00 PM,4,สงขลา,6.930608495,100.4685947,1,0,1,0,1,accident2023-4_songkhla.csv
2023,13/02/2023,08:30 AM,4,สงขลา,6.650046937,100.4283536,2,0,2,0,1,accident2023-4_songkhla.csv
2023,14/02/2023,03:00 PM,4,สงขลา,6.789442538,100.4529333,3,0,3,0,1,accident2023-4_songkhla.csv
2023,18/02/2023,06:00 AM,4,สงขลา,6.985343102,100.4434524,3,0,3,0,1,accident2023-4_songkhla.csv
2023,05/03/2023,05:00 AM,4,สงขลา,6.815410944,100.4573177,1,0,1,0,1,accident2023-4_songkhla.csv
2023,22/03/2023,06:00 PM,4,สงขลา,6.814581708,100.4569767,2,0,2,0,1,accident2023-4_songkhla.csv
2023,26/03/2023,11:30 AM,4,สงขลา,6.813683672,100.4567901,1,0,1,0,1,accident2023-4_songkhla.csv
2023,03/04/2023,10:00 AM,4,สงขลา,6.789188183,100.4530232,2,0,0,2,1,accident2023-4_songkhla.csv
2023,12/04/2023,03:30 PM,4,สงขลา,7.039971176,100.3908275,1,0,1,0,1,accident2023-4_songkhla.csv
2023,12/04/2023,07:00 PM,4,สงขลา,6.547493718,100.4149265,2,1,1,0,1,accident2023-4_songkhla.csv
2023,13/04/2023,02:00 AM,4,สงขลา,6.984308635,100.4503199,1,0,1,0,1,accident2023-4_songkhla.csv
2023,16/04/2023,08:00 AM,4,สงขลา,6.577757425,100.4110077,1,0,1,0,1,accident2023-4_songkhla.csv
2023,17/04/2023,05:30 PM,4,สงขลา,6.95366487,100.4733795,2,1,0,1,1,accident2023-4_songkhla.csv
2023,18/04/2023,09:00 AM,4,สงขลา,6.886012624,100.4700562,1,0,1,0,1,accident2023-4_songkhla.csv
2023,03/05/2023,01:30 PM,4,สงขลา,6.902287712,100.4695714,1,0,1,0,1,accident2023-4_songkhla.csv
2023,22/05/2023,10:00 AM,4,สงขลา,7.179569697,100.2557593,2,0,0,2,1,accident2023-4_songkhla.csv
2023,23/05/2023,07:00 AM,4,สงขลา,7.115765188,100.3235881,1,0,1,0,1,accident2023-4_songkhla.csv
2023,24/05/2023,03:30 AM,4,สงขลา,7.1842191,100.2381817,1,0,0,1,1,accident2023-4_songkhla.csv
2023,25/05/2023,08:30 PM,4,สงขลา,6.52494441,100.4184009,2,1,0,1,1,accident2023-4_songkhla.csv
2023,02/06/2023,08:00 AM,4,สงขลา,6.982027166,100.4570885,2,0,2,0,1,accident2023-4_songkhla.csv
2023,03/06/2023,07:00 AM,4,สงขลา,6.567087108,100.4113711,1,0,1,0,1,accident2023-4_songkhla.csv
2023,06/06/2023,11:30 AM,4,สงขลา,6.931845863,100.4689006,1,0,1,0,1,accident2023-4_songkhla.csv
2023,06/06/2023,07:00 PM,4,สงขลา,6.747578739,100.4516029,1,0,1,0,1,accident2023-4_songkhla.csv
2023,07/06/2023,11:00 PM,4,สงขลา,6.611000628,100.4194176,2,1,0,1,1,accident2023-4_songkhla.csv
2023,17/06/2023,10:00 PM,4,สงขลา,6.870189203,100.4702857,1,0,0,1,1,accident2023-4_songkhla.csv
2023,25/06/2023,01:00 AM,4,สงขลา,6.737767157,100.4507956,1,0,0,1,1,accident2023-4_songkhla.csv
2023,17/07/2023,07:30 AM,4,สงขลา,7.004114687,100.4151669,1,0,1,0,1,accident2023-4_songkhla.csv
2023,21/07/2023,09:30 AM,4,สงขลา,6.538536326,100.4161629,2,1,1,0,1,accident2023-4_songkhla.csv
2023,12/08/2023,10:30 PM,4,สงขลา,6.848977699,100.4702639,1,0,1,0,1,accident2023-4_songkhla.csv
2023,25/08/2023,08:30 AM,4,สงขลา,6.563393945,100.4120149,1,0,1,0,1,accident2023-4_songkhla.csv
2023,26/08/2023,05:30 AM,4,สงขลา,6.603983925,100.4179426,1,0,1,0,1,accident2023-4_songkhla.csv
2023,26/08/2023,05:30 PM,4,สงขลา,6.980435776,100.4617998,1,0,1,0,1,accident2023-4_songkhla.csv
2023,27/08/2023,05:30 AM,4,สงขลา,6.618764719,100.4206431,1,0,1,0,1,accident2023-4_songkhla.csv
2023,04/09/2023,12:00 AM,4,สงขลา,6.986495266,100.4327547,1,0,1,0,1,accident2023-4_songkhla.csv
2023,10/09/2023,04:00 AM,4,สงขลา,6.900464123,100.4698192,1,0,1,0,1,accident2023-4_songkhla.csv
2023,10/09/2023,07:30 PM,4,สงขลา,6.580448616,100.4116488,2,0,1,1,1,accident2023-4_songkhla.csv
2023,12/09/2023,07:00 PM,4,สงขลา,6.675980405,100.4370372,1,0,0,1,1,accident2023-4_songkhla.csv
2023,18/09/2023,03:30 PM,4,สงขลา,6.786065335,100.4530232,1,0,1,0,1,accident2023-4_songkhla.csv
2023,19/09/2023,09:30 AM,4,สงขลา,6.80465963,100.4539324,1,0,0,1,1,accident2023-4_songkhla.csv
2023,24/09/2023,04:00 PM,4,สงขลา,6.706735574,100.4439667,2,1,1,0,1,accident2023-4_songkhla.csv
2023,30/09/2023,11:00 AM,4,สงขลา,6.661232156,100.4320925,1,0,0,1,1,accident2023-4_songkhla.csv
2023,08/10/2023,01:00 AM,4,สงขลา,6.812862571,100.4564524,2,0,1,1,1,accident2023-4_songkhla.csv
2023,28/10/2023,10:30 PM,4,สงขลา,6.538524335,100.4161415,4,1,2,1,1,accident2023-4_songkhla.csv
2023,31/10/2023,03:30 AM,4,สงขลา,6.80809929,100.4549785,2,0,1,1,1,accident2023-4_songkhla.csv
2023,08/11/2023,04:30 AM,4,สงขลา,6.573013166,100.4103693,1,0,1,0,1,accident2023-4_songkhla.csv
2023,07/12/2023,01:00 PM,4,สงขลา,6.795407184,100.4530191,2,1,1,0,1,accident2023-4_songkhla.csv
2023,24/12/2023,01:00 AM,4,สงขลา,6.975367741,100.4768081,1,0,0,1,1,accident2023-4_songkhla.csv
2024,03/01/2024,03:00 PM,4,สงขลา,6.706090205,100.4438246,2,1,0,1,1,accident2024-4_songkhla.csv
2024,08/01/2024,11:00 AM,4,สงขลา,6.733140315,100.4500647,1,0,0,1,1,accident2024-4_songkhla.csv
2024,09/01/2024,04:00 PM,4,สงขลา,6.792944896,100.4531251,4,0,2,2,1,accident2024-4_songkhla.csv
2024,16/01/2024,11:30 PM,4,สงขลา,6.976536889,100.4733666,1,0,1,0,1,accident2024-4_songkhla.csv
2024,20/01/2024,07:00 PM,4,สงขลา,7.142180627,100.2975061,2,1,1,0,1,accident2024-4_songkhla.csv
2024,23/01/2024,05:30 PM,4,สงขลา,6.754715884,100.4550321,3,0,2,1,1,accident2024-4_songkhla.csv
2024,26/01/2024,02:30 AM,4,สงขลา,6.980985006,100.4601721,1,0,0,1,1,accident2024-4_songkhla.csv
2024,06/02/2024,02:30 PM,4,สงขลา,6.731486148,100.4498528,2,1,1,0,1,accident2024-4_songkhla.csv
2024,07/02/2024,03:00 AM,4,สงขลา,6.719222232,100.4469949,1,0,1,0,1,accident2024-4_songkhla.csv
2024,07/02/2024,09:00 AM,4,สงขลา,7.184778456,100.2548137,2,2,0,0,1,accident2024-4_songkhla.csv
2024,07/02/2024,01:00 PM,4,สงขลา,7.057378803,100.3753529,2,1,0,1,1,accident2024-4_songkhla.csv
2024,07/02/2024,03:00 PM,4,สงขลา,7.088042752,100.3481241,1,0,1,0,1,accident2024-4_songkhla.csv
2024,09/02/2024,08:30 AM,4,สงขลา,6.745882003,100.4514809,3,0,2,1,1,accident2024-4_songkhla.csv
2024,23/02/2024,08:30 PM,4,สงขลา,6.77135372,100.4561788,2,1,1,0,1,accident2024-4_songkhla.csv
2024,04/03/2024,01:00 AM,4,สงขลา,6.589080313,100.414048,1,0,0,1,1,accident2024-4_songkhla.csv
2024,11/03/2024,07:00 AM,4,สงขลา,6.668409603,100.4346579,2,2,0,0,1,accident2024-4_songkhla.csv
2024,13/03/2024,09:00 AM,4,สงขลา,7.118241911,100.3213953,1,0,1,0,1,accident2024-4_songkhla.csv
2024,14/03/2024,12:30 PM,4,สงขลา,6.817128177,100.4578781,2,0,1,1,1,accident2024-4_songkhla.csv
2024,15/03/2024,04:00 AM,4,สงขลา,6.98575675,100.4395865,1,0,0,1,1,accident2024-4_songkhla.csv
2024,21/03/2024,02:30 PM,4,สงขลา,6.65132702,100.4287979,1,0,1,0,1,accident2024-4_songkhla.csv
2024,22/03/2024,04:30 AM,4,สงขลา,7.004101436,100.4150887,1,0,1,0,1,accident2024-4_songkhla.csv
2024,07/04/2024,07:00 AM,4,สงขลา,7.187780218,100.2249713,2,0,0,2,1,accident2024-4_songkhla.csv
2024,10/04/2024,04:30 AM,4,สงขลา,7.137202913,100.304598,1,0,1,0,1,accident2024-4_songkhla.csv
2024,11/04/2024,02:30 PM,4,สงขลา,7.12037897,100.3195021,1,0,1,0,1,accident2024-4_songkhla.csv
2024,13/04/2024,09:30 AM,4,สงขลา,6.78138835,100.4529682,1,0,1,0,1,accident2024-4_songkhla.csv
2024,13/04/2024,02:30 PM,4,สงขลา,6.735970498,100.4504268,1,0,1,0,1,accident2024-4_songkhla.csv
2024,16/04/2024,07:00 AM,4,สงขลา,6.596085213,100.4157753,2,1,1,0,1,accident2024-4_songkhla.csv
2024,16/04/2024,06:00 PM,4,สงขลา,6.779000567,100.4528368,2,1,1,0,1,accident2024-4_songkhla.csv
2024,17/04/2024,04:30 PM,4,สงขลา,6.749619076,100.4517947,1,0,1,0,1,accident2024-4_songkhla.csv
2024,20/04/2024,01:00 PM,4,สงขลา,6.982856654,100.4549329,1,0,0,1,1,accident2024-4_songkhla.csv
2024,01/05/2024,08:30 PM,4,สงขลา,7.110982822,100.3278123,2,0,2,0,1,accident2024-4_songkhla.csv
2024,08/05/2024,03:00 PM,4,สงขลา,7.186065103,100.2469638,2,0,1,1,1,accident2024-4_songkhla.csv
2024,10/05/2024,04:00 PM,4,สงขลา,6.815464578,100.4571645,2,0,2,0,1,accident2024-4_songkhla.csv
2024,11/05/2024,03:30 AM,4,สงขลา,6.953889145,100.4734241,1,0,0,1,1,accident2024-4_songkhla.csv
2024,14/05/2024,08:30 AM,4,สงขลา,6.974008694,100.4791788,2,0,1,1,1,accident2024-4_songkhla.csv
2024,14/05/2024,03:30 PM,4,สงขลา,7.043207679,100.3879482,3,0,3,0,1,accident2024-4_songkhla.csv
2024,26/05/2024,02:00 AM,4,สงขลา,6.750639241,100.4519127,1,0,1,0,1,accident2024-4_songkhla.csv
2024,01/06/2024,08:00 AM,4,สงขลา,6.947132364,100.4719958,2,0,1,1,1,accident2024-4_songkhla.csv
2024,08/06/2024,02:30 PM,4,สงขลา,6.736869494,100.4506534,1,0,1,0,1,accident2024-4_songkhla.csv
2024,13/06/2024,06:00 AM,4,สงขลา,6.701465109,100.4426229,1,0,1,0,1,accident2024-4_songkhla.csv
2024,14/06/2024,03:30 AM,4,สงขลา,6.871562758,100.4702671,1,0,1,0,1,accident2024-4_songkhla.csv
2024,16/06/2024,02:30 AM,4,สงขลา,6.764675373,100.4591628,1,0,1,0,1,accident2024-4_songkhla.csv
2024,02/07/2024,05:00 AM,4,สงขลา,6.677907872,100.4375375,1,0,1,0,1,accident2024-4_songkhla.csv
2024,06/07/2024,05:30 AM,4,สงขลา,6.583141365,100.4125479,1,0,1,0,1,accident2024-4_songkhla.csv
2024,08/07/2024,02:00 PM,4,สงขลา,6.749888462,100.4517618,1,0,1,0,1,accident2024-4_songkhla.csv
2024,08/07/2024,05:30 PM,4,สงขลา,6.747281744,100.4515976,1,0,1,0,1,accident2024-4_songkhla.csv
2024,09/07/2024,03:30 AM,4,สงขลา,6.748548541,100.4516581,1,0,0,1,1,accident2024-4_songkhla.csv
2024,12/07/2024,02:00 PM,4,สงขลา,7.036033928,100.3943238,1,0,1,0,1,accident2024-4_songkhla.csv
2024,27/07/2024,02:00 PM,4,สงขลา,6.760168225,100.459042,2,1,1,0,1,accident2024-4_songkhla.csv
2024,29/07/2024,04:00 AM,4,สงขลา,7.004285127,100.4150377,1,0,1,0,1,accident2024-4_songkhla.csv
2024,03/08/2024,11:00 AM,4,สงขลา,6.577877329,100.4109554,2,0,2,0,1,accident2024-4_songkhla.csv
2024,21/08/2024,08:30 AM,4,สงขลา,6.982204386,100.4572624,1,0,1,0,1,accident2024-4_songkhla.csv
2024,29/08/2024,08:00 PM,4,สงขลา,6.54860503,100.4146113,2,0,0,2,1,accident2024-4_songkhla.csv
2024,14/09/2024,12:30 PM,4,สงขลา,7.004282465,100.4150458,1,0,0,1,1,accident2024-4_songkhla.csv
2024,20/09/2024,12:00 AM,4,สงขลา,6.707681241,100.4443234,1,0,1,0,1,accident2024-4_songkhla.csv
2024,26/09/2024,11:00 AM,4,สงขลา,6.625723717,100.4216051,2,0,0,2,1,accident2024-4_songkhla.csv
2024,29/09/2024,05:30 PM,4,สงขลา,6.799749833,100.4532531,1,0,1,0,1,accident2024-4_songkhla.csv
2024,02/10/2024,10:30 AM,4,สงขลา,7.057311353,100.3754136,1,0,1,0,1,accident2024-4_songkhla.csv
2024,07/10/2024,08:30 AM,4,สงขลา,6.987611522,100.4224983,1,0,1,0,1,accident2024-4_songkhla.csv
2024,13/10/2024,05:00 AM,4,สงขลา,6.520644421,100.4189801,1,0,1,0,1,accident2024-4_songkhla.csv
2024,13/10/2024,05:30 AM,4,สงขลา,6.547759705,100.4148775,2,0,1,1,1,accident2024-4_songkhla.csv
2024,14/10/2024,10:30 AM,4,สงขลา,6.755492321,100.455527,2,0,1,1,1,accident2024-4_songkhla.csv
2024,14/10/2024,11:00 AM,4,สงขลา,6.546193463,100.4151356,2,0,1,1,1,accident2024-4_songkhla.csv
2024,17/11/2024,06:00 AM,4,สงขลา,6.788451752,100.4529977,1,0,0,1,1,accident2024-4_songkhla.csv
2024,29/11/2024,01:00 AM,4,สงขลา,6.990572866,100.4190672,1,0,1,0,1,accident2024-4_songkhla.csv
2024,13/12/2024,03:30 AM,4,สงขลา,6.53610206,100.4165331,1,0,1,0,1,accident2024-4_songkhla.csv
2024,27/12/2024,01:30 PM,4,สงขลา,6.655758727,100.4302861,2,1,0,1,1,accident2024-4_songkhla.csv
2024,28/12/2024,03:30 PM,4,สงขลา,7.088483717,100.3477338,1,0,1,0,1,accident2024-4_songkhla.csv
2024,30/12/2024,03:30 AM,4,สงขลา,6.965182549,100.4757884,2,0,2,0,1,accident2024-4_songkhla.csv
